1159,(免運) 創意編字 Knit Wit 繁體中文版 正版桌遊 益智桌上遊戲
600,(免運送厚套) ConflictingLegends 偉人的猜拳戰略 繁體中文版
2250,(同捆優惠+中規+劇本+卡表+牌套) 山中小屋的背叛者+女巫詭步擴充
3200,(免運送牌套) 阿卡迪亞戰記 Arcadia Quest 繁體中文版 正版桌遊 益智桌上遊戲
370,MTG Amonkhet AKH 魔法風雲會 阿芒凱 鵬洛客套牌: 勇武典範 基定 正版桌遊
399,(送厚套) 情書 探險活寶版 老皮 精美布袋 Love Letter: Adventure Time
179,(現貨) IN桌遊雜誌 10 第十期 Vol.10 贈微桌遊《小倉庫》
"4,500",以色列抓狂貓 歡樂大集合 Cat Can Do 正版桌遊 益智桌上遊戲
700,(盒損特價) Looping Louie 翻滾路易.迴旋路易.旋轉路易 桌上遊戲
280,黑白摺學 Manifold 單人桌遊 繁體中文版 正版桌遊 益智桌上遊戲
300,(只拆膜，內容物全新) 實話實說3 Speaking Plainly 3 中英雙語對照 正版桌遊
"1,980",(盒損特價) Rivet Wars: Second Wave 鉚釘戰爭: 第二波進攻
"1,200",(只拆膜，內容物全新) Moongha Invaders 正版桌遊 益智桌上遊戲
448,(免運送厚套) 名謎偵探 MEI MEI TANTEI (含PROMO卡+台灣限定凶器卡) 尖端出版
799,(附中規) 誰是大舌頭 整人牙套玩具 大嘴巴桌遊 Speak Out 正版桌遊 益智桌上遊戲
120,Arbos Aofel 搖搖樹 蘋果配件 一包12顆
900,(特價) 東海道 擴充 Tokaido: Matsuri Expansion 正版桌遊 益智桌上遊戲
"1,650",村莊老巫婆 The Village Crone 正版桌遊 益智桌上遊戲
"1,920",蒸氣工藝 Steam Works 正版桌遊 益智桌上遊戲
660,眼尖手快 海底總動員2 多莉在哪裡 Spot It! Disney Finding Dory 正版桌遊
660,(特價) 眼尖手快5周年紀念版 Spot It! 5 Year Anniversary Tin 正版桌遊
750,(特價) Small World: Pocket Encyclopedia 正版桌遊 益智桌上遊戲
"2,655",Ships 正版桌遊 益智桌上遊戲
"1,160",(特價) 皮納塔派對 Pinata Party 正版桌遊 益智桌上遊戲
320,口袋英雄 Pack of Heroes 正版桌遊 益智桌上遊戲
590,兄弟誓言 Oath of the Brotherhood 正版桌遊 益智桌上遊戲
"2,100",(特價) 我的村莊 My Village 正版桌遊 益智桌上遊戲
"2,280",火影忍者 Naruto Shippuden: The Board Game 正版桌遊 益智桌上遊戲
"1,490",(特價) 神秘山谷 幽谷詭秘 Mystic Vale 正版桌遊 益智桌上遊戲
500,(超特價) 瘋狂詭宅擴 Mansions of Madness: The Silver Tablet
500,(超特價) 瘋狂詭宅擴 Mansions of Madness: Season of the Witch
"1,400",(免運送厚套) Machi Koro 骰子街 + 港口 + 百萬富翁 街口 繁體中文版 正版桌遊
"1,890",(特價) 新演化論 二版 Evolution: Second Edition 正版桌遊 益智桌上遊戲
250,(特價) STEAMPUNK RALLY: RUBE GOLDBERG 蒸氣龐克拉力賽:魯布·戈德堡
3550,(免運送厚套) 柯爾特快車 + 車馬飛渡擴充 + 警匪風雲擴充 + 專用桌墊 繁體中文版
3200,(免運送牌套) 阿卡迪亞戰記 Arcadia Quest 繁體中文版 正版桌遊 益智桌上遊戲
590,(免運送厚套) 壹知半解骨董市 Curio Collectors 繁體中文版 日本桌上遊戲 益智遊戲
490,(免運送厚套) 德國蟑螂 2017新版 Kakerlaken Poker 繁體中文版 正版桌遊
600,(盒損特價) 拼布藝術 Patchwork 拼布對決 繁體中文版 正版桌遊 益智桌上遊戲
399,(免運送牌套) 寵物 PETS－中文版 正版桌遊 益智桌上遊戲
990,(免運) 七彩跑跑豬 中文版 Russelbande 正版桌遊 益智桌上遊戲 Board Game
390,拼裝機器人 RoboTroc 繁體中文版 正版桌遊 益智桌上遊戲 Board Game
850,陰陽百鬼譚 ONMYOJI: Spirit War 繁體中文版 正版桌遊 益智桌上遊戲
890,(免運) 甜品大師 Cookie Box 繁體中文版 正版桌遊 益智桌上遊戲
690,一個建構化合物的遊戲 ION (內附放射性元素擴充) 繁體中文版 正版桌遊 益智桌上遊戲
590,(免運) 大滿貫 Grand Slam 繁體中文版 正版桌遊 益智桌上遊戲
"1,320",(免運送厚套) 骰子鎮 Dice Town 2017年新版 繁體中文版 正版桌遊 益智桌上遊戲
"1,650",(免運送厚套) 德爾斐神諭 The Oracle Of DELPHI 繁體中文版 正版桌遊 益智桌上遊戲
490,(送厚套) 亡者神抽 Dead Man's Draw 繁體中文版 正版桌遊 益智桌上遊戲
460,Tichu 地主 正版桌遊 益智桌上遊戲
460,Middle Kingdom 中國: 東漢末年 正版桌遊 益智桌上遊戲
850,(特價) 聖石之路:神諭 繁體中文版 正版桌遊 益智桌上遊戲
200,BigFun Battle 繽紛對決 兩人對戰 正版桌遊 益智桌上遊戲
"2,400",Archipelago 群島 正版桌遊 益智桌上遊戲
600,Mage Wars: Core Spell Tome 擴充 正版桌遊 益智桌上遊戲
660,(贈牌套) 狼人擴充：女狼的復仇 Lady Werewolf`s Revenge
"1,500",Copycat 學人精 正版桌遊 益智桌上遊戲
"1,350",Dr.Shark 鯊魚博士 正版桌遊 益智桌上遊戲
900,(贈牌套) Dominion Alchemy 皇輿爭霸擴充 煉金術英文版 正版桌遊 益智桌上遊戲
400,狩獵季 Jagdfieber (Huntering Fever) 外文版 正版桌遊 益智桌上遊戲
"1,500",Cargo Noir 黑船 正版桌遊 益智桌上遊戲
"1,200",(特價) 汽車傳奇 Automobile (繁簡中文版) 正版桌遊 益智桌上遊戲
"1,500",A Castle For All Seasons 四季之城 正版桌遊 益智桌上遊戲
720,Race For The Galaxy:The Brink Of War 銀河競逐(銀河路跑)擴充3
"1,920",OPERA 歌劇院 正版桌遊 益智桌上遊戲
270,(特價) David & Goliath 大衛與哥利亞 (大衛與歌利亞) 繁體中文版 桌上遊戲 益智遊戲
660,勇者對對碰 Go! Go! City Hero! 簡體中文版 德國桌上遊戲 正版桌遊
370,MTG Amonkhet AKH 魔法風雲會 阿芒凱 鵬洛客套牌: 召亡大師 莉蓮娜 正版桌遊
490,(特價免運送牌套) 風聲 黑名單 2015最新版 含網路擴充 繁體中文版 桌上遊戲 陣營遊戲
499,(免運) LIQUID ASS 屁汁噴霧 (屁味噴霧) 整人道具，愚人節、派對活動、生日適用
388,(送厚套)演化論擴充:綠意盎然 (內含變異小擴充) Evolution Plantarum 繁體中文版
990,(免運送厚套) 血腥旅社 The Bloody Inn 繁體中文版 正版桌遊 益智桌上遊戲
370,MTG Amonkhet AKH 魔法風雲會 阿芒凱 鵬洛客套牌: 勇武典範 基定 正版桌遊
399,(送厚套) 情書 探險活寶版 老皮 精美布袋 Love Letter: Adventure Time
179,(現貨) IN桌遊雜誌 10 第十期 Vol.10 贈微桌遊《小倉庫》
"4,500",以色列抓狂貓 歡樂大集合 Cat Can Do 正版桌遊 益智桌上遊戲
700,(盒損特價) Looping Louie 翻滾路易.迴旋路易.旋轉路易 桌上遊戲
280,黑白摺學 Manifold 單人桌遊 繁體中文版 正版桌遊 益智桌上遊戲
300,(只拆膜，內容物全新) 實話實說3 Speaking Plainly 3 中英雙語對照 正版桌遊
"1,980",(盒損特價) Rivet Wars: Second Wave 鉚釘戰爭: 第二波進攻
"1,200",(只拆膜，內容物全新) Moongha Invaders 正版桌遊 益智桌上遊戲
448,(免運送厚套) 名謎偵探 MEI MEI TANTEI (含PROMO卡+台灣限定凶器卡) 尖端出版
799,(附中規) 誰是大舌頭 整人牙套玩具 大嘴巴桌遊 Speak Out 正版桌遊 益智桌上遊戲
120,Arbos Aofel 搖搖樹 蘋果配件 一包12顆
900,(特價) 東海道 擴充 Tokaido: Matsuri Expansion 正版桌遊 益智桌上遊戲
"1,650",村莊老巫婆 The Village Crone 正版桌遊 益智桌上遊戲
"1,920",蒸氣工藝 Steam Works 正版桌遊 益智桌上遊戲
660,眼尖手快 海底總動員2 多莉在哪裡 Spot It! Disney Finding Dory 正版桌遊
660,(特價) 眼尖手快5周年紀念版 Spot It! 5 Year Anniversary Tin 正版桌遊
750,(特價) Small World: Pocket Encyclopedia 正版桌遊 益智桌上遊戲
"2,655",Ships 正版桌遊 益智桌上遊戲
"1,160",(特價) 皮納塔派對 Pinata Party 正版桌遊 益智桌上遊戲
320,口袋英雄 Pack of Heroes 正版桌遊 益智桌上遊戲
590,兄弟誓言 Oath of the Brotherhood 正版桌遊 益智桌上遊戲
"2,100",(特價) 我的村莊 My Village 正版桌遊 益智桌上遊戲
"2,280",火影忍者 Naruto Shippuden: The Board Game 正版桌遊 益智桌上遊戲
"1,490",(特價) 神秘山谷 幽谷詭秘 Mystic Vale 正版桌遊 益智桌上遊戲
500,(超特價) 瘋狂詭宅擴 Mansions of Madness: The Silver Tablet
500,(超特價) 瘋狂詭宅擴 Mansions of Madness: Season of the Witch
"1,400",(免運送厚套) Machi Koro 骰子街 + 港口 + 百萬富翁 街口 繁體中文版 正版桌遊
"1,890",(特價) 新演化論 二版 Evolution: Second Edition 正版桌遊 益智桌上遊戲
250,(特價) STEAMPUNK RALLY: RUBE GOLDBERG 蒸氣龐克拉力賽:魯布·戈德堡
